{
  "appointments": [
    {
      "client": "xcvbxcvb",
      "phone": 124352345,
      "id": 669.7212722093071
    },
    {
      "client": "asdfasdgfasdfg",
      "phone": 7853413245,
      "id": 1057.582811965183
    },
    {
      "client": "fgss",
      "phone": 367456,
      "id": 4505.162952736237
    }
  ],
  "tasks": []
}